account,coin,execution_price,size_tokens,size_usd,side,direction,timestamp_ist,timestamp,start_position,closed_pnl,fee,transaction_hash,order_id,trade_id
0xc62ff01e7d04,BTC,50248.93,1.97,98990.39,BUY,Long,01-01-2024 00:00,1704067200000,6174.93,78.84,13.28,819a6e621e1245f2905647f01a861892,755525,6992640
0x24e32b0fda6c,SOL,36831.01,7.43,273654.4,BUY,Short,01-01-2024 03:00,1704078000000,5041.69,895.81,10.35,53d6769c9cbc44a7af64148df8bbe168,717759,9518035
0x87ddd363f237,XRP,50706.26,7.34,372183.95,BUY,Short,01-01-2024 06:00,1704088800000,1094.02,800.03,2.37,edfdc225a7844114bd3d65358b3a77df,394945,7365077
0x25a2253109c5,BTC,29551.65,5.11,151008.93,SELL,Short,01-01-2024 09:00,1704099600000,8578.9,34.66,10.93,4e7d95b7703141c99866e0d35817129b,614259,7162174
0xec5c398d87a7,SOL,17416.26,9.19,160055.43,SELL,Long,01-01-2024 12:00,1704110400000,7721.49,-311.18,11.15,6db81af39f8f43b9a33d448826817a3f,936740,1705833
0x941a5ec42477,BTC,23066.68,4.3,99186.72,SELL,Long,01-01-2024 15:00,1704121200000,9674.49,-415.43,10.01,ae562f73679340eebd2f1f1f672db2a5,679810,1921751
0x6f61f1b5d1b5,ETH,7810.75,5.2,40615.9,SELL,Long,01-01-2024 18:00,1704132000000,5339.77,248.16,15.62,c73f9d87bd224c9e92fc4bce0584b34e,127188,6964503
0x08d4cd11e831,DOGE,55298.69,6.0,331792.14,SELL,Short,01-01-2024 21:00,1704142800000,2321.81,390.52,12.01,9f9de1aa0d4c4bb499091a374c8a9faf,871233,9812839
0xef613bf79995,DOGE,13758.33,6.63,91217.73,BUY,Short,02-01-2024 00:00,1704153600000,0.38,-326.01,10.03,9e635f23c7c843638f58fdc93263b3b2,951438,8890384
0xa78b83c40d0c,DOGE,62853.62,3.82,240100.83,SELL,Long,02-01-2024 03:00,1704164400000,6853.37,328.69,19.29,ea56fe8d4a524d87a003fe5f01ecc0f0,862027,3203233
0xd4b8fbd3f9a4,XRP,28687.71,2.89,82907.48,BUY,Short,02-01-2024 06:00,1704175200000,2082.9,663.71,19.62,8f29fb416f3f4aedadf8094b03c3d8ca,312610,5517950
0x921c02d86e8f,ETH,22092.46,4.16,91904.63,BUY,Long,02-01-2024 09:00,1704186000000,2295.74,950.0,6.16,ba0111a0229e416aabed24f432a15856,163900,9099949
0x30cf48dc57c6,DOGE,43662.14,5.7,248874.2,BUY,Short,02-01-2024 12:00,1704196800000,7765.58,-167.05,11.47,274023194ef34352a7c7fe3e5b1b9a60,898096,9779321
0x064db5c76bfa,ETH,6901.5,2.28,15735.42,SELL,Short,02-01-2024 15:00,1704207600000,2309.94,43.45,1.58,b50a546c000545c3a21f504b8f2116e4,390607,7786698
0x9fa5cab955a2,BTC,51990.95,5.98,310905.88,BUY,Long,02-01-2024 18:00,1704218400000,1916.26,-336.21,16.21,2bf60b13bb3847f88062a7e3fd0f8e11,449038,5060491
0x11d9a124f72c,BTC,35200.15,5.69,200288.85,SELL,Long,02-01-2024 21:00,1704229200000,2266.6,197.18,18.41,0098f2d382084750bcce33b0cf37cae1,627832,7288376
0x821a664f27d0,XRP,7989.14,5.05,40345.16,SELL,Short,03-01-2024 00:00,1704240000000,2260.19,335.81,11.23,7ddf9cd0e5934d718c2707fa53e2341f,708508,9565303
0x6007573da6a5,BTC,61646.68,8.74,538791.98,BUY,Short,03-01-2024 03:00,1704250800000,2849.58,-100.68,8.44,f9e5e2aaa3674471ac6bf52ce786a065,598623,3827982
0xcadbb6dd6a46,ETH,12971.31,5.67,73547.33,SELL,Short,03-01-2024 06:00,1704261600000,1155.27,184.7,17.89,da943a93bf3c4e7bb81f3342746309b0,983592,7301696
0x4879baab4521,ETH,11429.15,3.54,40459.19,SELL,Short,03-01-2024 09:00,1704272400000,1678.09,755.44,13.74,b06b3d79d49c4043a61f127893e44557,216432,1348650
0x8f571bba8a10,BTC,56784.42,0.72,40884.78,SELL,Long,03-01-2024 12:00,1704283200000,4975.03,-243.36,13.56,ff9a8230849743c9aa10dbc476115798,527351,9884190
0xc9941e61d2ee,XRP,56040.51,1.07,59963.35,SELL,Short,03-01-2024 15:00,1704294000000,8204.31,-194.54,17.32,e7f9f47e85824c2d9be9f6bce4391372,987765,5633017
0x72ebccc314ec,XRP,34886.38,5.68,198154.64,SELL,Short,03-01-2024 18:00,1704304800000,8446.96,32.28,11.37,5ad7c52cc48b4ee1a475619078fb0817,297426,4494382
0x43d1076c96ca,SOL,25264.76,4.78,120765.55,BUY,Long,03-01-2024 21:00,1704315600000,8508.65,-143.85,7.95,3214d8d10dd54289812b123ca756a033,684412,8080662
0x3381be909253,ETH,47663.49,0.94,44803.68,BUY,Short,04-01-2024 00:00,1704326400000,2857.34,271.31,3.21,15805572d82b4782b5438c00380d716c,543635,4992716
0x1368da40ff6a,BTC,67886.96,0.27,18329.48,BUY,Short,04-01-2024 03:00,1704337200000,4314.03,840.29,13.24,e333cd6bfc524a6a8b5308158f62fe36,338735,9305551
0xbe2aad50aa36,SOL,4242.97,7.58,32161.71,BUY,Short,04-01-2024 06:00,1704348000000,8880.16,879.2,16.64,8bb567809c2446538b95aa67f0c0037a,932467,8117506
0x6d5a049491e0,DOGE,52225.89,9.57,499801.77,SELL,Long,04-01-2024 09:00,1704358800000,445.98,58.48,1.82,b297e8aadabf407681de6435fade7ffa,862011,8094269
0x9782f782e17e,DOGE,25864.51,6.3,162946.41,BUY,Short,04-01-2024 12:00,1704369600000,8407.66,358.06,1.01,61a15790e48d443bb0f5da9c91808fa1,180335,7859308
0xe2bf0ea3914d,BTC,38262.76,3.0,114788.28,BUY,Short,04-01-2024 15:00,1704380400000,3436.8,-286.38,4.88,25fb85ff91b2410392b7c559f4e9c16d,352328,3279708
0x7545033d976c,BTC,39912.01,5.16,205945.97,SELL,Long,04-01-2024 18:00,1704391200000,8827.76,809.42,11.06,561d40013ef6432ca423eac6fd9f09e6,359089,5264179
0xa865b78dab80,DOGE,10781.36,0.22,2371.9,SELL,Long,04-01-2024 21:00,1704402000000,7297.22,881.01,7.15,c5c9e3a1531d49d6bdd6742f292ed480,127844,4096686
0x7c1bf775b655,ETH,1488.53,4.79,7130.06,SELL,Long,05-01-2024 00:00,1704412800000,4781.61,112.89,14.27,5f26a369df7e4a6e9d5a0736db65236b,230361,4176670
0x9bcbd7270a00,XRP,46806.63,2.03,95017.46,SELL,Long,05-01-2024 03:00,1704423600000,6044.5,-412.34,3.78,b75823c4b3274d04838040196cdda6d8,453280,2171596
0x3129d732c371,SOL,58948.14,6.27,369604.84,SELL,Short,05-01-2024 06:00,1704434400000,3589.96,760.18,3.56,564c61f1064f4cc2a9b94c80c8aa122a,752855,9472104
0x4801d309bab2,BTC,27829.4,0.8,22263.52,SELL,Long,05-01-2024 09:00,1704445200000,3642.95,138.73,4.6,42da02291224491bba41da8872315161,443442,9225356
0x64c08a9362c0,ETH,37077.5,8.55,317012.62,SELL,Long,05-01-2024 12:00,1704456000000,1696.88,-481.72,16.59,cd2be32522864a3599d973f1cd1bf01a,324410,3178045
0x6782a65ea5d0,SOL,23009.41,9.89,227563.06,SELL,Short,05-01-2024 15:00,1704466800000,3600.7,168.03,11.56,ea0b95351be34199ae34144b6120960c,241795,7095905
0x8d27b9d2ce2b,BTC,6188.43,2.49,15409.19,BUY,Long,05-01-2024 18:00,1704477600000,4717.95,578.15,8.27,68bfb020741047dfb0063eaddc3ab5d0,862542,7363682
0x003f3857dd84,XRP,62045.41,8.57,531729.16,SELL,Long,05-01-2024 21:00,1704488400000,1731.73,209.16,9.18,dfc57836b8b44320a4e481351249df37,537445,3363662
0x6eef0d01a58f,DOGE,44545.21,2.8,124726.59,SELL,Short,06-01-2024 00:00,1704499200000,4523.9,247.31,6.91,5a034a469ea6467b9f9b1a7936e4fd4f,856131,7282069
0x2b7a7def2fd3,XRP,11904.49,4.04,48094.14,SELL,Short,06-01-2024 03:00,1704510000000,2138.6,-427.92,9.52,d7f109beb6864b3ea7aea2163076422a,825928,7113521
0x1cb8658c49f3,XRP,29190.94,0.61,17806.47,SELL,Long,06-01-2024 06:00,1704520800000,7384.08,868.35,13.91,a54dd4983a4742a49b528cd8ad834a28,108035,7345575
0x78e8520f5ae2,DOGE,41435.59,0.25,10358.9,SELL,Short,06-01-2024 09:00,1704531600000,7092.94,970.64,11.61,b4b976d575e64b928a9c85bc6cad0ffb,684270,8741909
0x18eb671888fe,ETH,32373.0,4.32,139851.36,BUY,Short,06-01-2024 12:00,1704542400000,2957.6,799.8,14.06,3ff4c5e90d084069ab8d577cc21306ff,880197,7986645
0x5e422195b8dc,BTC,55850.36,6.46,360793.33,BUY,Long,06-01-2024 15:00,1704553200000,5319.18,131.44,16.92,64cea8c7c52a4625917d313d88dbf971,915000,3098915
0xac347cbbe9b3,DOGE,4761.54,7.11,33854.55,SELL,Short,06-01-2024 18:00,1704564000000,1901.5,-145.57,3.64,b3a524bb71594885889136cf04c29a08,815392,5075311
0xbc90ab6b89b1,BTC,3545.98,0.14,496.44,BUY,Long,06-01-2024 21:00,1704574800000,5872.07,356.11,8.48,b20deaae55d342e5b310734c82633cc0,161072,8055471
0xa466fa60f925,ETH,67163.26,2.47,165893.25,BUY,Short,07-01-2024 00:00,1704585600000,4084.24,853.32,13.4,335dc7e2a55940cd90007acf5d386281,846286,3316726
0xfeeea0b761a2,DOGE,53830.33,9.04,486626.18,SELL,Long,07-01-2024 03:00,1704596400000,622.2,607.08,16.74,a6e5c0f1f6a942579377ceec9ba02a72,647676,9987089
0x4f249b28e287,XRP,69713.68,5.43,378545.28,BUY,Long,07-01-2024 06:00,1704607200000,4657.46,961.7,13.7,51998b65a63f4113bb672825dc51575c,947132,5885970
0xabcde0b6f5f3,SOL,12600.95,4.97,62626.72,BUY,Short,07-01-2024 09:00,1704618000000,8502.29,494.45,10.08,a29b30473ceb40569ee4d2a3d7cf7aae,311507,6599306
0x8dac70f3ff62,DOGE,63117.86,8.19,516935.27,SELL,Short,07-01-2024 12:00,1704628800000,8922.6,148.83,1.9,e0d43cf10d5e4822931028aa31e00557,519453,6035781
0x744b72491114,XRP,42708.9,8.08,345087.91,SELL,Short,07-01-2024 15:00,1704639600000,9642.75,821.89,2.54,0bd15c7e1bbe460b9659758cdcfc1a37,145876,1459546
0xe64e248a185d,BTC,2788.2,1.16,3234.31,SELL,Long,07-01-2024 18:00,1704650400000,6978.23,715.53,8.27,bdf321458ab5479db711b0cc16c0da82,637162,2187422
0xd8709c950549,ETH,8786.48,0.97,8522.89,BUY,Long,07-01-2024 21:00,1704661200000,4421.71,120.22,10.96,c7f308e1397247049e98b4cd8362d49f,590396,3825796
0x63fac5fcee63,XRP,66141.94,6.99,462332.16,BUY,Short,08-01-2024 00:00,1704672000000,6307.82,609.74,6.8,ee5dfe9e8aea4422895c5b3f4934e9a8,120220,8679082
0x09610201d03a,SOL,42080.09,7.52,316442.28,SELL,Short,08-01-2024 03:00,1704682800000,248.96,-80.58,4.95,15055df87f87438bb5e0718aee6b38bc,752836,7686833
0xef91220c143f,BTC,35359.31,5.47,193415.43,SELL,Long,08-01-2024 06:00,1704693600000,7979.92,405.52,17.23,59f2192eaf8444f2a440ab93a5ee8030,607507,2926600
0xfedbbfadc5d0,BTC,9577.53,0.1,957.75,SELL,Long,08-01-2024 09:00,1704704400000,3030.52,345.53,10.22,be8d3197ecac4242a97432d01241e33a,687231,1997941
0x1f3a6da57016,ETH,35963.88,9.85,354244.22,SELL,Long,08-01-2024 12:00,1704715200000,1175.67,497.38,7.13,c3822cec2429453480fb49bc028ac6ed,680466,2425397
0xc14b89f9a658,XRP,39062.22,4.19,163670.7,SELL,Short,08-01-2024 15:00,1704726000000,7575.26,712.78,16.45,376523252e3c479d83252a8e25553cfc,711191,7919558
0x5bf6a4b5817c,DOGE,66372.78,8.49,563504.9,SELL,Long,08-01-2024 18:00,1704736800000,4307.48,-124.09,17.67,baf32fcde4144237a81459b9240b5d18,105357,9241108
0xc63bb0f049fa,SOL,55651.73,7.08,394014.25,BUY,Long,08-01-2024 21:00,1704747600000,5131.3,306.09,8.49,5c3c15f584b6461eb3acc2c7965fb88d,805202,2347096
0xc51c48f4e8cd,SOL,39289.2,1.67,65612.96,SELL,Short,09-01-2024 00:00,1704758400000,2541.34,-16.52,7.37,fbde7689f4e744649673b872e9e27cfb,884865,9392257
0xb98e23b4704e,SOL,48842.56,6.07,296474.34,BUY,Long,09-01-2024 03:00,1704769200000,9910.02,562.53,3.52,735a942976ea423281639a7328d47e6c,712472,7886991
0x6009de053cd4,SOL,33574.5,7.26,243750.87,BUY,Short,09-01-2024 06:00,1704780000000,2952.89,-340.58,3.02,df84d2657c82479b8a8b1d73858444a4,559543,6439955
0x6062eec798bc,ETH,18881.47,2.34,44182.64,SELL,Long,09-01-2024 09:00,1704790800000,8564.0,765.5,5.58,591153acc4884d6db4fc304aa66e6d6f,803369,2481918
0xccb6717576ff,ETH,10163.59,0.37,3760.53,BUY,Short,09-01-2024 12:00,1704801600000,1461.55,508.67,10.58,5a9ddc6bea1c425d93b3bed353b99170,785266,8664016
0x7676d3a68498,XRP,265.0,5.1,1351.5,BUY,Long,09-01-2024 15:00,1704812400000,5308.88,527.52,8.64,755841689dce4eeca07008d6b4f27227,364408,8560515
0x01118b078227,XRP,15531.82,8.69,134971.52,SELL,Long,09-01-2024 18:00,1704823200000,1721.79,671.67,18.55,ce2aa37efd2a46ca88d856db2bf99ada,222331,7220945
0xa57fbd9f2ef4,ETH,34495.93,4.28,147642.58,BUY,Short,09-01-2024 21:00,1704834000000,2361.95,137.77,12.54,4679bde317584b7d9c646e9e5455ae4f,896043,8760584
0x448a94f8fefc,ETH,46781.99,7.83,366302.98,BUY,Long,10-01-2024 00:00,1704844800000,6050.37,76.47,11.05,228b363384a9435bb8e6bea074c44662,722736,2157118
0x9b9976deddc3,XRP,35535.53,3.14,111581.56,SELL,Long,10-01-2024 03:00,1704855600000,6035.56,-16.05,3.31,6550fbaa58eb48bc98de9cb475925ae2,521687,4769254
0x8fa07189ffcd,XRP,34920.36,2.62,91491.34,BUY,Long,10-01-2024 06:00,1704866400000,5958.49,641.89,17.39,2dab5315f4de47de8ce4c711ac413989,864230,1535786
0x2e1f68e01bf8,BTC,62519.16,6.78,423879.9,BUY,Short,10-01-2024 09:00,1704877200000,2125.4,461.79,1.65,5903fba614354b0bb3b9c32b11d81153,228667,9334569
0x1b4232b4cf38,ETH,34824.98,4.53,157757.16,SELL,Short,10-01-2024 12:00,1704888000000,4215.59,-239.44,4.8,1352e8abf77747cdb722584d000a3b3b,314894,3425163
0xc57598dc12c4,ETH,37516.89,3.91,146691.04,BUY,Short,10-01-2024 15:00,1704898800000,2853.45,358.96,15.85,25c4dd7cae644138b6aeebe7dd80e57e,178980,3391232
0xf901d92c7a7d,ETH,23769.72,7.65,181838.36,BUY,Short,10-01-2024 18:00,1704909600000,5821.26,439.18,9.06,9934efda1e8c4c3bac075a0d716380e9,756306,2728207
0x9b5f81511697,ETH,48899.35,3.24,158433.89,BUY,Short,10-01-2024 21:00,1704920400000,1795.93,-175.76,12.3,acbdeafb49f84bd9920a963a9a8c0f16,100515,3125052
0x9893022a51f5,SOL,37656.39,3.31,124642.65,BUY,Long,11-01-2024 00:00,1704931200000,7798.8,-3.13,13.84,7db2a9ce712f4f339ccd81fee8b28022,114839,7485167
0xd15d59928efa,SOL,58074.0,7.08,411163.92,SELL,Long,11-01-2024 03:00,1704942000000,6445.43,-399.63,5.69,a239b04666d34d65bf9c927d47f6b57c,356158,9638161
0x1eec44da0a9b,DOGE,63311.82,1.74,110162.57,SELL,Short,11-01-2024 06:00,1704952800000,1130.59,350.22,11.95,55e5b12a399f4bddbbe3966fa03a0be6,397958,6638837
0x3e75f1e6056a,BTC,6570.16,8.03,52758.38,BUY,Long,11-01-2024 09:00,1704963600000,5876.77,-499.35,8.84,172b8ca57be442abb826662a0f62e597,736084,9409104
0xc16f47a7c6eb,XRP,39942.55,2.0,79885.1,SELL,Long,11-01-2024 12:00,1704974400000,3289.1,-175.43,11.3,5d3e8da783984bc4af32c0addf125c07,949763,4723527
0xf8f24d6a2b5b,DOGE,69516.83,8.91,619394.96,SELL,Short,11-01-2024 15:00,1704985200000,5923.17,398.42,5.31,5508ff1d4ace4a008d8692320bfad4c6,190724,1263022
0x95c38bf8944b,SOL,768.87,7.96,6120.21,SELL,Short,11-01-2024 18:00,1704996000000,3748.89,-334.85,3.68,24cb6f1572bd49ec80688ae2697fd7e1,388128,9895644
0x5f15e373ca5c,ETH,13569.05,0.53,7191.6,SELL,Long,11-01-2024 21:00,1705006800000,1561.23,552.94,18.98,f84188b3b36344f4bb2925f65ca02bec,894885,9259421
0x480ff67c6c7c,XRP,1541.91,9.68,14925.69,BUY,Long,12-01-2024 00:00,1705017600000,6833.6,-247.04,17.03,930f22c571314bfb9075fd7fb6d12f43,454255,1470336
0xf3d3689386c7,ETH,5646.29,1.92,10840.88,BUY,Long,12-01-2024 03:00,1705028400000,7880.82,980.82,16.11,ee451f29c4f44323800075c59b389d35,783014,3066186
0xc65348ca62fd,DOGE,33926.87,9.04,306698.9,SELL,Long,12-01-2024 06:00,1705039200000,9149.42,-269.38,11.83,2e1b43e500e3414bbf35c881ef8a0f09,650606,6690758
0xadd896dbfc9d,ETH,34368.12,6.7,230266.4,SELL,Long,12-01-2024 09:00,1705050000000,3064.27,716.87,12.49,ebbe115ff9f94a52be192db03d1faef3,747166,9592266
0xfef59444f7ba,DOGE,30222.12,4.31,130257.34,SELL,Short,12-01-2024 12:00,1705060800000,3248.03,-288.25,15.95,19128722b89f489fbefdee571f780e91,767787,1928736
0x7e4efd89e381,SOL,46995.24,2.84,133466.48,SELL,Short,12-01-2024 15:00,1705071600000,3738.27,628.84,15.65,766636e2d94f4af49b7276fa958a2879,877833,6149982
0x0e439940aba3,XRP,51280.95,8.82,452297.98,BUY,Long,12-01-2024 18:00,1705082400000,936.51,-330.47,8.93,935eb812cdf440fa91e8ba27dd5430fc,165096,3041007
0x1d5aa22c770c,BTC,47723.92,1.24,59177.66,SELL,Long,12-01-2024 21:00,1705093200000,6741.97,-400.81,3.31,2e1e63041f3f40d3bc1feedf943fd00f,878139,4825492
0xf3b993326bd1,XRP,51578.35,6.74,347638.08,SELL,Short,13-01-2024 00:00,1705104000000,6607.12,409.63,14.22,b7c8b54aa74c4d9d8ebadd69b30ad34e,874034,9701797
0xd7574ff2caed,SOL,52067.3,8.57,446216.76,SELL,Long,13-01-2024 03:00,1705114800000,3976.27,530.46,9.0,087e1c3ff4814922938f357d01717df1,672325,6717060
0xe0091279b78f,DOGE,21268.48,9.65,205240.83,BUY,Long,13-01-2024 06:00,1705125600000,1641.51,71.94,17.21,8bcadae8203e4c0f9a9bf0fb55d94b75,968989,5147528
0x9852e200d7cc,SOL,53081.06,8.43,447473.34,BUY,Long,13-01-2024 09:00,1705136400000,9780.92,663.5,7.06,11f3a5b4a86d41a080343147bb793a6f,377724,2301180
0x64923fc69e1d,BTC,60726.25,1.53,92911.16,BUY,Short,13-01-2024 12:00,1705147200000,3802.1,675.88,12.72,015e61e57f284c6ab28fcbe74de22fd4,771704,1768653
0xf2e99367d3ae,SOL,12344.47,1.76,21726.27,SELL,Long,13-01-2024 15:00,1705158000000,4301.79,821.6,5.23,6107f977f7b94cee9deecaad85211fcc,624715,9641491
0x98f17e58daaa,BTC,49430.59,5.87,290157.56,SELL,Long,13-01-2024 18:00,1705168800000,9320.08,40.83,18.29,8e0fd06065b3438080322033acfb4aed,280067,8067065
0x3ea34c8f95d4,XRP,43460.15,2.17,94308.53,BUY,Long,13-01-2024 21:00,1705179600000,7665.05,-451.2,11.55,516addf5255244c6a7c66ee374f2fecc,452999,7513336
0xbed580f6b0df,XRP,65189.79,9.31,606916.94,SELL,Short,14-01-2024 00:00,1705190400000,739.5,950.31,3.21,e1450271bb2241ca8d2819fec7b86257,255223,2587640
0x38d8a509cb8a,BTC,53340.8,2.0,106681.6,BUY,Long,14-01-2024 03:00,1705201200000,5904.07,536.24,4.92,87b2c08d38db4a98b84578a4c1ae8a6d,259627,8209622
0xc8c909745120,ETH,5822.08,1.99,11585.94,SELL,Short,14-01-2024 06:00,1705212000000,6645.06,369.48,10.86,dff045d19700437691141eda9b5bacd4,220051,9406421
0x600458defcb7,DOGE,33244.45,1.47,48869.34,BUY,Long,14-01-2024 09:00,1705222800000,1944.0,409.44,10.46,5c5cf688312b421f8e870ab73c490795,102835,4990430
0x3bf9e939005c,DOGE,65782.95,3.3,217083.73,SELL,Long,14-01-2024 12:00,1705233600000,6771.16,404.32,13.79,35965c9975d2416790cdd33194f859a7,183615,1069472
0xa9977d9d47c1,XRP,57870.37,9.73,563078.7,BUY,Long,14-01-2024 15:00,1705244400000,6673.44,902.04,13.5,6798ae77c0314d0784076a63c59472ac,675610,6225563
0x26fb729b7015,BTC,10043.31,9.52,95612.31,BUY,Long,14-01-2024 18:00,1705255200000,6897.42,856.42,16.52,22be4ed1eb024d3aa756405016b66a28,284913,1231862
0x19e7087f47ae,ETH,12085.09,8.35,100910.5,SELL,Long,14-01-2024 21:00,1705266000000,684.65,-289.62,19.81,9366365ca1994b5ea64cc2cba5ffaaa9,715133,9387895
0x811489a12f7a,BTC,38989.23,3.31,129054.35,SELL,Long,15-01-2024 00:00,1705276800000,7643.0,516.76,6.49,fa5c7c25142b4470bf18a4b1d892a8ff,405091,7991479
0x97c866deefb2,BTC,20603.26,9.06,186665.54,BUY,Long,15-01-2024 03:00,1705287600000,5688.78,336.94,5.44,873c68ee775e446c8d5923bb78d14964,364273,4422274
0x5befec03cbe3,XRP,3680.81,3.97,14612.82,SELL,Short,15-01-2024 06:00,1705298400000,2530.94,542.37,15.23,2890abbcda6f4854bc27f50a4e7e433c,598385,9814495
0x351c61121071,SOL,16075.77,3.9,62695.5,SELL,Long,15-01-2024 09:00,1705309200000,6465.06,718.66,10.16,d3d9cfd805f64110bfdeec0a2709bc07,995872,7102448
0x6afcb28d751c,XRP,13706.03,5.03,68941.33,SELL,Short,15-01-2024 12:00,1705320000000,9359.84,-125.35,4.25,464d700e90314443a61ce9de1d25e81b,265356,2807067
0xcf12c6c79bc0,BTC,33354.42,9.55,318534.71,BUY,Short,15-01-2024 15:00,1705330800000,3727.57,530.5,5.79,80e36c9018c741ae917502d60ccd24b1,426887,2475824
0x481065c6c219,SOL,45778.86,5.13,234845.55,SELL,Short,15-01-2024 18:00,1705341600000,4087.95,-329.05,14.58,e0102b6e7f504d198d07317eff62e904,251104,7517414
0x64e882dab2c5,SOL,18409.85,6.91,127212.06,SELL,Long,15-01-2024 21:00,1705352400000,9661.35,-84.65,12.08,26e3cbc5857e41168555571273cbf323,801173,7335481
0x72c5e1e83e37,XRP,49376.78,0.59,29132.3,SELL,Short,16-01-2024 00:00,1705363200000,822.99,684.68,1.51,e48058a6c74148b5a16650bd81515a00,791108,5257814
0x322fe18636e5,SOL,4991.85,6.62,33046.05,BUY,Short,16-01-2024 03:00,1705374000000,339.21,356.53,14.56,083c8c1bda3d413cae7e717661c48606,703397,4950611
0x18ad2973d679,SOL,12828.81,9.44,121103.97,SELL,Long,16-01-2024 06:00,1705384800000,847.51,862.07,2.57,c72d286eb0c24a99b31fe52931e9e122,175274,3457395
0xb5b447b4a55b,XRP,16586.6,8.55,141815.43,BUY,Long,16-01-2024 09:00,1705395600000,9263.96,-325.93,14.85,4aa5b786fd3e4b9fa52291be5fd3b54a,107867,5989366
0xba8afce6e09e,SOL,46555.11,1.74,81005.89,BUY,Long,16-01-2024 12:00,1705406400000,6407.18,930.24,18.54,0936f79c03bf4c6d8a2cdb2fa33963be,953382,7701410
0x928f679a2612,DOGE,47766.56,2.18,104131.1,BUY,Short,16-01-2024 15:00,1705417200000,2865.61,257.98,4.06,51ad25c65d734f78a090b6383c3f962f,567110,8752560
0xaa4ac2cc6ca9,XRP,61518.81,9.96,612727.35,BUY,Short,16-01-2024 18:00,1705428000000,4471.72,228.75,9.76,0080b57a8a2d4e36b6acc2ac82c860e3,311691,2870035
0x000c947eff1b,XRP,21025.58,4.73,99450.99,SELL,Long,16-01-2024 21:00,1705438800000,8627.17,912.0,18.11,7bd611faf40744ae907ccfa14c067d4a,110450,5171195
0x926f85a04364,XRP,28875.42,2.15,62082.15,BUY,Long,17-01-2024 00:00,1705449600000,4635.64,-350.62,11.59,8b1aba0eb07e4bfea0338eb7e3a52e9c,583111,4883247
0x088ce4072584,BTC,66343.35,7.01,465066.88,SELL,Long,17-01-2024 03:00,1705460400000,9608.74,-194.78,6.11,f525963310d0479fab9242aeb4c8cb66,825556,6089094
0x890de89731ab,SOL,62626.88,8.12,508530.27,BUY,Long,17-01-2024 06:00,1705471200000,7675.36,411.73,12.03,0766535af0d1498cb9d93d92ca364391,286164,2756008
0x193f41f2e293,SOL,22440.61,5.58,125218.6,SELL,Short,17-01-2024 09:00,1705482000000,9036.58,51.63,3.36,d4d5fdef7e2b4783835df548b5dfd524,240103,2846001
0xe1d038617c48,XRP,29734.62,6.76,201006.03,SELL,Short,17-01-2024 12:00,1705492800000,8900.13,-230.12,2.86,60e495cd396a419bbba204c616d19180,345072,6535309
0x3785dfb28641,DOGE,19417.85,8.25,160197.26,SELL,Short,17-01-2024 15:00,1705503600000,1327.69,563.24,2.76,aab0227a516346f986b921e3cd1f29a9,260466,8164253
0x327b872a03a4,DOGE,38806.45,4.12,159882.57,SELL,Short,17-01-2024 18:00,1705514400000,3443.55,712.59,5.64,f924a7300a954a63aa044f46e50df4bb,940106,8182745
0xb7532a6c099f,BTC,2329.6,6.2,14443.52,BUY,Long,17-01-2024 21:00,1705525200000,889.51,562.84,3.44,cbaabca38ca34f2c93be75e7bf5dbc47,837348,4052288
0xb51746a1d5f8,SOL,1537.03,6.68,10267.36,BUY,Short,18-01-2024 00:00,1705536000000,1629.49,273.28,12.44,94363107f0d9469bb0dec0f03b284c74,297013,7034621
0x147abbc6f9a4,XRP,20399.22,4.25,86696.68,SELL,Long,18-01-2024 03:00,1705546800000,1949.6,665.78,14.07,4b210174762c4ebba3556e650ae4a4ca,190652,6276974
0x859e8b82441f,DOGE,35159.76,5.48,192675.48,BUY,Short,18-01-2024 06:00,1705557600000,2866.82,737.93,16.84,a696ef5015ba410082b2f55cff8f6a6d,633002,5761660
0xe6844eae5e16,XRP,17275.91,9.75,168440.12,SELL,Long,18-01-2024 09:00,1705568400000,476.86,44.62,3.23,b271792b39ff4a34afbec7a1beed0f25,687626,3402666
0x4df23f928adb,ETH,38933.77,0.89,34651.06,BUY,Short,18-01-2024 12:00,1705579200000,4324.76,183.35,4.04,613fff3e5aec4bcabe2959e46023fc46,939841,2088153
0xe7d8e4be3504,XRP,45564.72,5.55,252884.2,SELL,Short,18-01-2024 15:00,1705590000000,9756.28,966.76,13.77,b2e644be19184d05a46be87ed4be8a7a,726000,8115169
0x0f1e0616b84f,DOGE,58175.76,0.59,34323.7,BUY,Short,18-01-2024 18:00,1705600800000,6280.22,-461.61,12.14,88b7cba048b14c809645b74e2466b25d,281139,5078492
0xd3196b5df305,XRP,48025.49,5.22,250693.06,SELL,Long,18-01-2024 21:00,1705611600000,7373.95,966.94,12.28,00e683b8fa964f9e89e2f5cdd7c512d4,843711,5006211
0x1065ed509562,XRP,26919.6,4.73,127329.71,SELL,Long,19-01-2024 00:00,1705622400000,1472.16,-476.53,18.37,bb5ca075c27e4b64bff12729c5d68674,447712,1367466
0x1d2a5f9a52a0,BTC,20974.3,2.67,56001.38,BUY,Long,19-01-2024 03:00,1705633200000,9985.34,639.65,5.82,324b9c0da9aa47f786274b00b2c64ef1,284603,3975489
0xa64e6859682c,DOGE,54110.45,6.89,372821.0,SELL,Long,19-01-2024 06:00,1705644000000,3338.54,-133.44,19.59,dedf275e8fb6475c97a268267a18f2ae,767271,5096104
0x5c7186909c59,SOL,61253.27,5.91,362006.83,SELL,Short,19-01-2024 09:00,1705654800000,1981.67,16.17,10.14,1c01d310babc47079a477d61ecae4fcf,933196,1926569
0xacc1465ef362,DOGE,62951.29,1.31,82466.19,BUY,Short,19-01-2024 12:00,1705665600000,6215.65,973.25,16.51,a2d6d745679e44bcb40821beed736ff6,976554,1615252
0x9fce293f7d15,XRP,31483.43,10.0,314834.3,BUY,Long,19-01-2024 15:00,1705676400000,9451.19,694.94,3.21,01f553372c3a44b4bd31c2e093dfb935,667975,5293420
0xfb41ad0fb688,ETH,34978.0,2.82,98637.96,SELL,Long,19-01-2024 18:00,1705687200000,4991.55,-303.42,8.5,21e60e0037aa4d4c8fad42aee2fc71ab,543527,9810322
0xe37cdcb1fc77,XRP,20007.61,2.96,59222.53,BUY,Long,19-01-2024 21:00,1705698000000,4770.99,633.79,7.28,4ae81c4b59574b28b22b9ab11a534e31,934090,7524739
0x0abf94efe429,DOGE,48273.81,2.37,114408.93,BUY,Short,20-01-2024 00:00,1705708800000,9399.48,721.35,16.62,e97fc2136ce4449081fb0e63560fd076,499749,6029234
0x53cb35b9d1c8,XRP,58271.14,4.28,249400.48,BUY,Short,20-01-2024 03:00,1705719600000,3773.52,624.88,2.58,b53cc839cc744b1d83a2be60a455c2c0,163609,3337538
0xb5ebc117c7b3,DOGE,34826.27,6.87,239256.47,BUY,Short,20-01-2024 06:00,1705730400000,2347.01,729.07,15.97,eb326560bade41d782ca0cdfedf4e74d,465700,8972358
0x15bf76a6776b,ETH,43590.37,6.65,289875.96,BUY,Short,20-01-2024 09:00,1705741200000,6717.77,99.91,7.62,73176b25f80e47dc8b33efe72aeec296,827008,8363484
0xde91132c235f,XRP,15245.1,3.62,55187.26,SELL,Long,20-01-2024 12:00,1705752000000,4821.8,165.9,14.56,ee0cddf28c8d4dd8803dd4bb93ad4ccd,712225,6528222
0xed2404cc499b,XRP,647.47,2.69,1741.69,SELL,Long,20-01-2024 15:00,1705762800000,7043.06,299.91,14.93,5e4e987e1db84cc09420451ad75ebbec,213244,2065416
0x66ec1460b210,BTC,11049.91,6.21,68619.94,BUY,Long,20-01-2024 18:00,1705773600000,2151.44,-153.75,18.0,4ceb8a2fa7f3459b98c346d5f4ecc319,912074,6114145
0x95e275866ec8,SOL,61433.57,1.31,80477.98,BUY,Short,20-01-2024 21:00,1705784400000,1895.51,-53.64,18.13,547a20d3c0ee4e39a261db2203c2cc28,947113,7299182
0x7035a60a001c,ETH,50323.49,9.51,478576.39,SELL,Short,21-01-2024 00:00,1705795200000,1952.21,909.79,17.45,63ecf9f86cd844978c1032e17723e33e,217707,7018234
0x60c6bc10d537,SOL,36946.52,4.37,161456.29,SELL,Long,21-01-2024 03:00,1705806000000,5325.46,-51.3,16.68,73700a3bd9f34c4a88bb11467320b16c,505759,2334074
0xfe5c3ab3d8eb,XRP,51071.38,7.77,396824.62,BUY,Short,21-01-2024 06:00,1705816800000,5187.45,-214.4,11.93,cb4e80dd1153443f8ba606a82a56ae2d,455268,7016597
0xd8d8e3dde837,XRP,18209.8,6.17,112354.47,SELL,Long,21-01-2024 09:00,1705827600000,4571.14,60.83,12.86,c2b595be40d247b186e43bd7e11ea0e3,973757,5552186
0x555b5a45fdcb,DOGE,15316.34,6.8,104151.11,BUY,Long,21-01-2024 12:00,1705838400000,4947.19,984.15,3.94,0a7355b32a3544dd970d00c0420abcf3,814107,7064746
0xea2b56538ed8,ETH,49197.26,0.86,42309.64,SELL,Long,21-01-2024 15:00,1705849200000,2577.88,-2.16,3.44,95c35434352d46678c07e90efd0b4e7c,495536,2106364
0x26c9ed9263ad,ETH,473.95,6.38,3023.8,BUY,Long,21-01-2024 18:00,1705860000000,8404.28,-295.13,3.32,1991ce995e89490082ab774dc58e5ca2,773150,2374059
0x4ee80fd4c518,BTC,45452.39,8.93,405889.84,SELL,Long,21-01-2024 21:00,1705870800000,7717.71,-157.09,5.62,98270cc6e28a4c4082ea468324dd782e,657431,9055700
0x0ddd77b6b4ce,BTC,54458.67,7.59,413341.31,BUY,Long,22-01-2024 00:00,1705881600000,815.21,589.68,6.11,c9c89ca0f7794716b5412c79b1af6d1e,471960,2555843
0x45298ae5e9bf,XRP,31058.82,9.85,305929.38,BUY,Long,22-01-2024 03:00,1705892400000,6224.89,208.9,18.75,b1d39b0d62484102878a637f9db89613,721049,9224716
0xc473005f577f,DOGE,1341.76,8.72,11700.15,SELL,Long,22-01-2024 06:00,1705903200000,1975.63,334.49,19.66,07a2f1a63f38499db114a917b8312351,555032,4773085
0xfb785d49bea7,ETH,26982.1,1.57,42361.9,BUY,Short,22-01-2024 09:00,1705914000000,8307.13,813.49,7.27,4fde136b0af34f178966eef38b21254f,409876,3523213
0x0bbddc28696e,BTC,63865.01,8.29,529440.93,SELL,Short,22-01-2024 12:00,1705924800000,7557.02,-365.24,6.99,82319f22d93f4a9781136f8c5c20e26c,168649,6060654
0x82504bb24776,XRP,27754.92,8.64,239802.51,SELL,Short,22-01-2024 15:00,1705935600000,4196.17,379.66,8.09,f866e80b449845489841cde252317c08,658716,9492063
0xbbedacb40f00,DOGE,12904.5,8.38,108139.71,BUY,Short,22-01-2024 18:00,1705946400000,3395.29,25.32,6.93,155da5a3807143f6837e1a7942e996d4,983588,1520350
0x6155846574f3,XRP,37819.27,1.83,69209.26,SELL,Short,22-01-2024 21:00,1705957200000,5475.88,8.7,8.97,7c2bb323fa6d45f0a28c2c2279e39a1c,954226,3195598
0xc588d53bef92,BTC,13541.73,2.31,31281.4,SELL,Long,23-01-2024 00:00,1705968000000,686.53,571.44,16.13,868a6c9758ac42e297df4adf3e7fb3e1,169672,4667249
0x51dd48814f4f,DOGE,69419.26,1.3,90245.04,SELL,Long,23-01-2024 03:00,1705978800000,6594.03,709.73,19.78,edd9389295fd45609c2ca6c4fa65b6ff,500052,1235139
0x47ed61ac3c44,ETH,5679.21,8.6,48841.21,SELL,Short,23-01-2024 06:00,1705989600000,8353.47,995.67,8.86,3daaaa172f9547ab8a40cde68cb88ed7,435360,2918471
0xa719ed83eb24,ETH,13568.19,4.63,62820.72,BUY,Long,23-01-2024 09:00,1706000400000,1891.17,-290.27,12.55,0b37ce7c06b243a8b67c35d482f0f59b,523913,2322000
0xd1c94d79c889,DOGE,53680.66,2.32,124539.13,BUY,Short,23-01-2024 12:00,1706011200000,3876.42,62.34,17.18,8662cc26f0c44af493f573b827d9a4d9,323739,7142944
0x26631c218116,DOGE,50193.51,0.55,27606.43,SELL,Short,23-01-2024 15:00,1706022000000,7800.75,198.76,9.24,58afdbc724774c8abe96ecd3e20d83ba,668831,8428663
0xbf4f15ce9c35,ETH,34055.47,7.33,249626.6,BUY,Long,23-01-2024 18:00,1706032800000,9743.84,58.02,2.03,f69cd1bbbd9a4b39af99865e11b07d7c,959744,9849064
0x168a3b8c062c,ETH,42963.85,0.14,6014.94,SELL,Long,23-01-2024 21:00,1706043600000,6907.47,946.04,11.06,19874bb7762b44208c1b146d44005d8f,154935,5160286
0x062380c07761,XRP,54822.71,1.39,76203.57,SELL,Short,24-01-2024 00:00,1706054400000,1510.42,973.98,7.04,2f54ef7a60b740bc88598036a0a8df0c,486575,1752496
0xc7ace18f1e16,DOGE,15318.04,6.44,98648.18,BUY,Short,24-01-2024 03:00,1706065200000,2716.6,654.3,8.42,c68c58c3a9ab49dab02f950bccc2c27c,814715,6729614
0x262386247824,SOL,43902.56,5.9,259025.1,SELL,Short,24-01-2024 06:00,1706076000000,1512.34,110.59,5.42,d0e1a199569e40638ec2a452b2e608f7,987181,4045131
0x73cd65f2a8bd,DOGE,10127.8,4.83,48917.27,BUY,Short,24-01-2024 09:00,1706086800000,5215.09,957.81,16.42,b357a2fbd3f6414eb03deaac17550745,894110,3771416
0x5b911bde285e,XRP,64249.44,9.96,639924.42,BUY,Long,24-01-2024 12:00,1706097600000,8035.18,54.71,12.29,8c27379bb94d4a8fbd37fdd11b51e1cb,568033,6546910
0x703722ac967c,BTC,17803.64,9.54,169846.73,BUY,Short,24-01-2024 15:00,1706108400000,9947.42,158.93,5.0,4ef671ef19d74cc8ba4a73a194553bde,151687,3849330
0xbbe3e1fd21cb,ETH,45572.05,5.55,252924.88,BUY,Long,24-01-2024 18:00,1706119200000,5905.06,971.54,5.19,4c863623e0444a1a8accaa274ec1ef88,164446,7766649
0xf86c28ce5064,BTC,45160.69,8.7,392898.0,BUY,Long,24-01-2024 21:00,1706130000000,4374.13,713.75,7.66,a919e0727b6148b998c43f4a4ba5cb7b,295651,9085243
0xef307b4da5c3,ETH,37113.35,2.21,82020.5,BUY,Long,25-01-2024 00:00,1706140800000,9328.54,231.9,10.79,5b35f86417aa4f818f2d56640107468d,579595,2808103
0xd0bfe775194a,XRP,47208.44,0.7,33045.91,BUY,Long,25-01-2024 03:00,1706151600000,1330.49,565.26,12.37,c1fab5356fe14d128f0bae85b5f338ee,249533,3010683
0xcff4936e5382,XRP,13515.98,5.12,69201.82,BUY,Short,25-01-2024 06:00,1706162400000,9767.96,271.25,4.3,aa9dbd74eea94a6e8391bc20249154f1,520266,9078203
0xccdd6c8f85e5,DOGE,21028.76,8.49,178534.17,BUY,Long,25-01-2024 09:00,1706173200000,5415.6,-148.04,9.89,6031ff784a42402b9e03a1081295cc36,195151,2625589
0xc8d68b8ac52d,SOL,53076.54,8.73,463358.19,SELL,Long,25-01-2024 12:00,1706184000000,888.78,757.9,15.91,cbdcb3980af3400db93b81baa7ebe6d4,116844,7027703
0x9df5ffc80b32,DOGE,3982.47,8.36,33293.45,SELL,Long,25-01-2024 15:00,1706194800000,8116.86,236.89,3.94,7219dd196a294f428fe989a4d890ba22,196776,6095707
0x7b5b479ee652,BTC,13515.04,7.58,102444.0,BUY,Long,25-01-2024 18:00,1706205600000,5496.96,-72.4,11.28,d1f8934c23bf465282c33f674d455ff5,407519,4041535
0x6e59b07e165f,XRP,3332.64,9.23,30760.27,BUY,Short,25-01-2024 21:00,1706216400000,4938.6,-480.68,16.31,674100a643b043e5bf147152e4e4ca9c,214553,4405855
0x6ff2fc5d2fe0,ETH,20604.23,4.06,83653.17,SELL,Short,26-01-2024 00:00,1706227200000,785.66,-60.93,5.06,200e79aa91d8415897db3197b4d7fc07,899005,9597564
0xd011dc7c6a1b,XRP,43526.53,1.46,63548.73,BUY,Short,26-01-2024 03:00,1706238000000,5207.87,909.83,13.49,a9c6e2e929a24ac4aa972a582ab11d30,506508,1861732
0x125bd3aeff40,BTC,2645.16,0.93,2460.0,BUY,Short,26-01-2024 06:00,1706248800000,2249.44,578.41,2.86,545d6b305bc54a70a574c8284719f6f5,887615,5204104
0x0b103a0973ff,ETH,68317.79,7.86,536977.83,SELL,Short,26-01-2024 09:00,1706259600000,2134.31,427.24,12.21,28d5ecd7fc5340999c838d6ce975a138,763837,1894394
0x39f9a0c892e3,DOGE,9279.9,9.65,89551.04,BUY,Short,26-01-2024 12:00,1706270400000,1140.12,15.9,9.5,276ba6630d51467ca43f52026fdbe2b3,454293,6633751
0xc6253ca6e36d,XRP,31173.82,1.73,53930.71,SELL,Short,26-01-2024 15:00,1706281200000,6338.15,786.67,8.51,7acab6331ac04a658ed072121ffe0b9f,964068,2595934
0x8d233c78a9a7,ETH,15618.08,5.06,79027.48,BUY,Long,26-01-2024 18:00,1706292000000,274.36,22.77,17.01,ead545bd00e6439193e0ca9c9094112c,114778,3146702
0x7885095ea10d,BTC,50261.27,5.68,285484.01,BUY,Long,26-01-2024 21:00,1706302800000,7019.54,717.4,19.86,85ee3b255a4041abb30a7e9d399a4749,267023,4713123
0x5cd62d7b4f9b,DOGE,2328.68,5.92,13785.79,BUY,Short,27-01-2024 00:00,1706313600000,3709.54,371.46,11.85,46360137b39b4d468f62b109d7861f80,272665,7059744
0x89f3b337ab57,XRP,24822.22,9.86,244747.09,SELL,Long,27-01-2024 03:00,1706324400000,600.42,136.06,17.26,58423f2d8f4a4a8a9fb485d1e7cef6cb,820756,2177860
0x8e5155da8232,BTC,1509.97,3.41,5149.0,BUY,Long,27-01-2024 06:00,1706335200000,8299.28,-379.27,5.94,feddf78a020a41a6b9f5afddc8421d5b,506692,8898336
0x7795946f1df2,ETH,56261.41,3.53,198602.78,SELL,Short,27-01-2024 09:00,1706346000000,9258.15,-13.59,4.12,ddbb4c89397c4b7c8319c7d22ab66d24,556953,6725657
0x0060c4bd1834,DOGE,4656.5,7.38,34364.97,SELL,Long,27-01-2024 12:00,1706356800000,6357.88,-468.54,5.88,4c2ccf8108db4b298746cf1290b47cdd,590973,3260466
0x80f3c5c447c0,DOGE,60746.24,5.42,329244.62,SELL,Long,27-01-2024 15:00,1706367600000,2619.77,982.44,19.6,9a73465209194e92ab09b4e528ffe212,682721,9245941
0xa5ce56a47b6a,XRP,58361.03,5.54,323320.11,BUY,Short,27-01-2024 18:00,1706378400000,1770.22,-452.89,17.48,d095c398625f4d85813f319d90f3d086,789340,1980080
0xa0d75b5fe952,XRP,37148.98,5.22,193917.68,BUY,Short,27-01-2024 21:00,1706389200000,4135.9,-386.89,13.72,1dcc6e5f297a4fa7831d1acdb07e8969,977216,2418586
0x6c8ea5bd1fa1,XRP,65491.57,2.72,178137.07,SELL,Short,28-01-2024 00:00,1706400000000,8216.98,864.73,10.34,1d21880add6041fa913d911e8d6ba6e9,293380,6686738
0xdad1ff0854c0,SOL,21940.0,2.15,47171.0,SELL,Long,28-01-2024 03:00,1706410800000,8870.79,71.85,4.02,57735666d29b4ca88bd118388779e595,138509,9709204
0x6af4458ac981,SOL,470.24,7.57,3559.72,SELL,Short,28-01-2024 06:00,1706421600000,5430.37,960.37,18.45,d09e43b1b5bb4650a10039532847613b,199903,1730906
0x22959c0bcefc,BTC,44612.11,6.44,287301.99,BUY,Short,28-01-2024 09:00,1706432400000,8750.22,707.65,14.58,ada33f4a93684a1e8e54b286966328e3,688325,6491610
0x6ad3a728d695,BTC,3787.61,5.84,22119.64,SELL,Short,28-01-2024 12:00,1706443200000,470.39,812.87,14.86,8633c83270634736967e9f9ab844a6ca,740497,2436850
0x8d4480cb41cc,BTC,9515.25,7.26,69080.71,SELL,Long,28-01-2024 15:00,1706454000000,5633.14,755.57,9.13,b085eecafd694a0589c486544dcb9d2c,108916,9511379
0x4e9db7b7fe6a,XRP,40077.67,6.66,266917.28,BUY,Short,28-01-2024 18:00,1706464800000,4346.72,962.32,12.28,7273077f59db4943b48a727f40cd05b2,917035,6988598
0x0101f435bd39,ETH,2667.35,9.06,24166.19,BUY,Short,28-01-2024 21:00,1706475600000,9417.01,-149.98,6.8,0e66cbdc588e49d6957e2de717ee7df9,682151,7185555
0x0b712ce02a54,BTC,19258.32,9.47,182376.29,BUY,Short,29-01-2024 00:00,1706486400000,921.08,538.12,3.15,c4411f3ec9ee4992b0cad35e3bc1a99e,224983,7472642
0x7ce200af8f32,ETH,18527.32,4.69,86893.13,SELL,Long,29-01-2024 03:00,1706497200000,5139.53,-480.18,16.11,1c2941b715744d49b04be9c1bf7f2ed5,382730,8579799
0xcd7555548457,BTC,64212.09,3.11,199699.6,BUY,Short,29-01-2024 06:00,1706508000000,4956.05,654.94,17.96,4a9e73abb8e3444b8219d34e6eb0c428,566891,6157024
0xdc8c30582b23,BTC,13044.21,1.16,15131.28,BUY,Long,29-01-2024 09:00,1706518800000,2219.47,-82.2,9.04,e87281f532ac4d70a3b1fb7b36eac261,645115,8407850
0x33771af2440d,XRP,30204.85,9.61,290268.61,SELL,Long,29-01-2024 12:00,1706529600000,9994.91,108.95,4.8,7ceaee96b43f40e9bbdb54a0e17f99c0,464247,6917382
0xd74d701b0134,XRP,54230.09,3.96,214751.16,SELL,Long,29-01-2024 15:00,1706540400000,6778.81,418.04,13.85,0664f1898cda48c796f24e5218e058d2,225086,8815752
0x63f9b7ca3ae8,XRP,35365.82,3.61,127670.61,BUY,Long,29-01-2024 18:00,1706551200000,9397.44,503.32,15.82,17aebf174db64c988b5a83932abc75d2,230724,4257312
0x0b6c98ace836,ETH,25841.59,0.8,20673.27,SELL,Long,29-01-2024 21:00,1706562000000,6695.58,838.31,18.83,53cd720715fe4e129cdf4aeda6b3cf2f,697356,2922550
0xe0157084ac60,DOGE,44490.16,8.06,358590.69,SELL,Short,30-01-2024 00:00,1706572800000,8470.69,-256.84,16.91,8976125a05cb4c7ba8b73a7bd587e8dc,545809,5715847
0x1ede0d57c652,ETH,32209.59,9.28,298905.0,SELL,Short,30-01-2024 03:00,1706583600000,2242.17,945.92,10.45,4838a7eb69334292abdd8c1db5e10818,796117,3925855
0x28dd4a56abd8,DOGE,29425.18,1.9,55907.84,BUY,Short,30-01-2024 06:00,1706594400000,4741.05,-105.11,15.44,709fa33e53bf486a90fe6b4d23df3476,325750,9376722
0x8c15c34480dc,BTC,24707.03,1.73,42743.16,BUY,Short,30-01-2024 09:00,1706605200000,6807.98,204.65,9.47,30dc8aaba5a040fdbbb40394f3834250,372861,8199381
0x139e55bdb5b8,SOL,8118.72,7.78,63163.64,BUY,Long,30-01-2024 12:00,1706616000000,8113.49,716.34,15.28,29edc99499154d13a8691d87b2d8a4ac,843401,9667471
0xbab41f035c71,DOGE,52403.25,4.25,222713.81,BUY,Short,30-01-2024 15:00,1706626800000,1677.87,889.64,2.87,46ffd395e6324acbb693c689f581a0f1,887999,5421498
0x9d3e8c464bb2,DOGE,54250.71,7.06,383010.01,SELL,Long,30-01-2024 18:00,1706637600000,9464.87,270.16,12.9,5cb8e0211076474d8143cfc917fabcdb,727377,7196276
0xbcba687d98b5,DOGE,34512.07,7.71,266088.06,SELL,Short,30-01-2024 21:00,1706648400000,9371.83,522.35,12.5,5fbcc3e411a044ca89b4ea901b3dd418,477549,7344999
0x6898eabbc39d,DOGE,15084.19,6.83,103025.02,BUY,Short,31-01-2024 00:00,1706659200000,3495.58,640.89,17.01,3cfe3eeb60a14d919393805f23a95eaf,292605,8691252
0xbdb7cd178385,SOL,42800.01,4.84,207152.05,BUY,Long,31-01-2024 03:00,1706670000000,6348.26,449.8,18.08,3b4a45de7f804d95b71c832f483dd4de,694528,3146610
0x59132beb4521,DOGE,28315.8,8.54,241816.93,SELL,Long,31-01-2024 06:00,1706680800000,7565.25,38.26,16.69,ab667cc2719e40f3b72203bf5cd1aa11,647401,5331032
0xc95fa028a2ed,SOL,37736.9,6.47,244157.74,SELL,Long,31-01-2024 09:00,1706691600000,6068.48,-41.84,3.43,45462d120ca04fabae3f088da8265e67,627531,5813988
0x487898758e99,XRP,13852.61,3.9,54025.18,BUY,Short,31-01-2024 12:00,1706702400000,1554.94,339.61,4.09,11c31e936a534cdeac6a26042fd31e5c,225277,9877188
0x10f9c61e023c,BTC,28386.03,5.3,150445.96,SELL,Long,31-01-2024 15:00,1706713200000,6184.36,31.32,9.94,e5782a015c03461ca9366f5497da8311,315638,2513422
0x2d05e0defc03,BTC,3039.27,4.85,14740.46,SELL,Long,31-01-2024 18:00,1706724000000,6788.91,-267.39,11.55,5cfe0d62e9f14e5aa9fcfabe65153a6e,726034,5349615
0xd71537107c6c,BTC,54990.19,8.28,455318.77,SELL,Long,31-01-2024 21:00,1706734800000,4458.56,470.83,4.65,5dfd965476cd4d0a80284710b8869bd9,601702,3301650
0x78178d5c2f3d,ETH,56944.33,4.86,276749.44,BUY,Short,01-02-2024 00:00,1706745600000,6271.63,-49.25,1.4,ffee894dc4ac42169c2de2a6f8d7b858,913067,6369390
0x99288db96f25,DOGE,25586.04,0.25,6396.51,SELL,Long,01-02-2024 03:00,1706756400000,8259.37,-198.58,18.06,f206c3ca30754962bdff7d7d54358690,726800,5187036
0xaee10338b4f9,DOGE,7796.74,0.15,1169.51,BUY,Long,01-02-2024 06:00,1706767200000,6683.68,222.02,6.87,d868a22ffd9647a2a8c0c54b7d3942c4,605878,1737026
0x8f896f851468,BTC,55455.97,1.82,100929.87,SELL,Long,01-02-2024 09:00,1706778000000,5806.51,271.33,3.84,b038747571694ef68802dc3c9f718764,927665,4540206
0x18bf8def7832,BTC,15634.03,6.92,108187.49,BUY,Short,01-02-2024 12:00,1706788800000,3561.14,658.79,10.46,a9c578cd442542c09e58b84e6ed1a4f7,818948,5815487
0x3d531be842ee,XRP,30563.69,8.37,255818.09,BUY,Long,01-02-2024 15:00,1706799600000,291.1,-359.53,2.7,f6a6059b993f47ce97a6af173d5f9b92,211002,8705113
0x548fce5a556c,XRP,46399.55,9.86,457499.56,SELL,Long,01-02-2024 18:00,1706810400000,1590.1,164.13,10.47,88457bc625ba4339832e7233d61dbcd6,912807,1153165
0xe61e27e60ca4,XRP,65723.87,8.32,546822.6,SELL,Short,01-02-2024 21:00,1706821200000,1488.42,334.19,5.16,3b0675e9c2c345ffb7aeae4633d8cfe4,829404,7556596
0x327c1228f830,SOL,18250.89,8.98,163892.99,BUY,Long,02-02-2024 00:00,1706832000000,5158.27,554.31,1.71,3fcbb29a94504548ba94d1fa4f8fe58e,899554,5400058
0xef2ce5e88519,SOL,19764.65,9.74,192507.69,SELL,Long,02-02-2024 03:00,1706842800000,8167.75,449.16,15.02,d28f840c80fe47ed94686e58cf20f53b,328924,1433196
0xa08ca8b9f491,DOGE,48263.58,9.88,476844.17,BUY,Short,02-02-2024 06:00,1706853600000,3703.54,492.7,7.33,ee9e882b8a4145f2835b53da930e9a8f,889903,5308618
0x75228f52bba7,XRP,69596.9,7.41,515713.03,SELL,Long,02-02-2024 09:00,1706864400000,436.31,122.71,10.64,fcf0c346c6614ace8d33e5c221ef0ff3,301286,2877864
0x6fa35ca70972,XRP,43659.36,5.07,221352.96,SELL,Short,02-02-2024 12:00,1706875200000,3816.78,-432.43,7.18,aa0f9e3197814d289a7179b791de96e4,951004,9859878
0xd8b8354b45e1,BTC,68739.72,9.57,657839.12,BUY,Short,02-02-2024 15:00,1706886000000,6635.88,543.03,1.54,9bf4bbd90e3246d294b8589fefe9e0d3,224648,5567328
0x74f6cfac8dde,BTC,22684.19,9.75,221170.85,SELL,Long,02-02-2024 18:00,1706896800000,4509.27,466.23,13.48,14c9bb24af7441e3897e0108df9458ea,661029,6556551
0xb65d66dd8f54,XRP,13146.29,4.25,55871.73,BUY,Long,02-02-2024 21:00,1706907600000,8191.25,326.47,14.04,49cf88bbe8974eda9c237d5bc6fde4cd,642025,7837548
0x8c2fc231cd8b,SOL,32085.28,1.12,35935.51,SELL,Long,03-02-2024 00:00,1706918400000,8994.17,831.14,5.13,fe4ebc9426ca4def8413c21457f44f30,279754,6850073
0x17fa8bea12cc,SOL,1742.57,0.44,766.73,SELL,Long,03-02-2024 03:00,1706929200000,470.16,133.84,5.34,79f11744b6b74e96a6fc2b2c90e508e0,785449,3741003
0x5d482a1d371f,BTC,54133.0,8.69,470415.77,BUY,Short,03-02-2024 06:00,1706940000000,1266.56,646.76,8.43,8109896383c84e648fadbb11f7acb961,522794,7436346
0x09ec614b251e,DOGE,15890.99,4.04,64199.6,BUY,Short,03-02-2024 09:00,1706950800000,3551.1,-204.19,5.27,cbc30d0fb96349c9ab75795a3321b206,989029,7861009
0xd0fc9becc254,ETH,12393.15,8.79,108935.79,SELL,Short,03-02-2024 12:00,1706961600000,9594.78,653.8,14.19,410e0d2dba6948d387a71eacb7ce888c,187128,7599065
0xe6b2a63ca0ea,DOGE,31846.84,9.68,308277.41,SELL,Short,03-02-2024 15:00,1706972400000,7603.46,626.69,9.71,d42dff634d564823b1e04f06c04aaf4f,523722,7096313
0xc8038da538d9,SOL,56847.06,6.92,393381.66,BUY,Long,03-02-2024 18:00,1706983200000,3742.44,571.43,12.84,d60f4dd1a53b42fdb1814c7f3bec94a8,150301,1429641
0x59ff796494f5,XRP,30434.9,0.43,13087.01,BUY,Long,03-02-2024 21:00,1706994000000,5808.82,389.87,4.79,b68438f210f3458299fa0e4738d9ff5e,313208,3495930
0xad93d9a826b5,XRP,47650.48,2.36,112455.13,BUY,Long,04-02-2024 00:00,1707004800000,745.61,-76.61,19.06,36653844ba4446ca9aee70eade6ba6b1,575588,9492058
0xf12cfd8d443d,ETH,27828.86,9.87,274670.85,SELL,Long,04-02-2024 03:00,1707015600000,7935.92,521.49,7.87,af16e0f1a03940c094f8d45848f5f045,652227,5200517
0xd1b743e88743,DOGE,68617.2,2.94,201734.57,SELL,Long,04-02-2024 06:00,1707026400000,2321.47,189.29,7.42,ddb31779a5874451bf2a2e0975f651b7,582061,7661351
0x24507add3038,DOGE,8430.83,4.68,39456.28,BUY,Short,04-02-2024 09:00,1707037200000,2936.29,-462.75,17.29,2b0b84be5366489483b112ad8a541c0c,930393,4871874
0xeb9d2f7ca2bb,XRP,56782.21,5.46,310030.87,SELL,Short,04-02-2024 12:00,1707048000000,759.52,-227.83,9.07,f07bdff901aa495ba4046ec737cf16f9,296900,6735815
0xb4a1f9d5121a,DOGE,41081.15,5.03,206638.18,SELL,Long,04-02-2024 15:00,1707058800000,4741.44,-150.23,12.88,c49a8a21dcd94611beb0c661a0f130be,469371,3443051
0xe3b0149e0656,BTC,3963.94,1.06,4201.78,BUY,Long,04-02-2024 18:00,1707069600000,4048.23,766.85,5.71,a60d9825f6aa4e6d8d68321746715b28,257484,9759039
0x489483e18be7,XRP,30357.57,1.67,50697.14,SELL,Long,04-02-2024 21:00,1707080400000,2446.23,564.2,4.97,140aa5baecb14d029194ca761c903225,672740,2008210
0x995607b5eeac,DOGE,9502.89,3.86,36681.16,SELL,Short,05-02-2024 00:00,1707091200000,4281.06,-52.11,14.45,5fce3fcdbfcb47dbb6469eb14304c4de,804140,8488596
0xca2d8c80b993,BTC,45085.77,6.4,288548.93,SELL,Short,05-02-2024 03:00,1707102000000,6275.0,124.49,3.52,3d38ddd78762462692c2d9e4a508df88,857977,7753101
0x0372df608cc9,ETH,25160.31,5.2,130833.61,BUY,Short,05-02-2024 06:00,1707112800000,3522.91,688.89,2.81,f1da1415733e45188bd780346055a8d2,990808,4491652
0x737c1e245f9e,XRP,5945.12,0.94,5588.41,SELL,Long,05-02-2024 09:00,1707123600000,356.76,669.27,12.03,2a10baa642914ac996d555ab1731c97f,531960,8066268
0x8d774a4cbf5a,BTC,5838.79,7.0,40871.53,BUY,Short,05-02-2024 12:00,1707134400000,1959.8,245.53,17.3,838c859051cd4a669df89b984ab0eb83,981951,2227027
0xcbdb8f8199ac,BTC,23139.32,2.37,54840.19,SELL,Long,05-02-2024 15:00,1707145200000,5005.09,972.35,7.78,030ebb673d9d4d46939b96186cc6a5e9,199731,1086828
0x0f6008328294,DOGE,36998.25,5.49,203120.39,BUY,Short,05-02-2024 18:00,1707156000000,3900.54,478.49,14.85,dab6e4ff513c4a13832605fa9b691409,112341,8975363
0x09f7afe5dc57,BTC,54333.22,5.17,280902.75,BUY,Short,05-02-2024 21:00,1707166800000,421.07,-18.0,18.36,d066f41cfd0743318fe8761df1bf2584,124563,7486900
0xd037d59ab941,SOL,152.76,9.11,1391.64,SELL,Long,06-02-2024 00:00,1707177600000,6762.64,-413.01,3.74,077812212b1440ed9550a0063a1018ed,618849,2187531
0x8858a5ea5768,SOL,52256.49,7.16,374156.47,SELL,Short,06-02-2024 03:00,1707188400000,1177.71,556.02,18.26,9411201fcc5e41dd885a9b93689b9a9d,289130,2728894
0x464c3af92946,XRP,45260.65,1.51,68343.58,BUY,Long,06-02-2024 06:00,1707199200000,8569.0,838.91,8.3,4a3f05f79cae46e8b1cc5be9cb3243d0,268918,5651201
0x8e1379eb492c,SOL,41727.42,0.33,13770.05,BUY,Short,06-02-2024 09:00,1707210000000,8710.08,306.14,9.53,a96ef0d351c7407aa91425acd3a95b40,251722,5452205
0xbc7df9f7e1db,DOGE,56843.85,8.11,461003.62,BUY,Long,06-02-2024 12:00,1707220800000,3092.61,-323.48,16.77,7d536e5f34874d1c96d9cd16f38371ff,676125,9752026
0xcc5cbfdd7f0d,DOGE,40508.29,3.96,160412.83,SELL,Long,06-02-2024 15:00,1707231600000,3260.18,180.06,12.22,50192a40d9c04f21a3161f7935d02945,519301,6168378
0x9ef74bbdb0f9,ETH,52210.43,5.27,275148.97,BUY,Short,06-02-2024 18:00,1707242400000,2916.59,394.8,6.96,be9928a5a4eb47cea22a4adbc24415ea,124462,5594595
0x11e99eefd289,XRP,56874.24,1.84,104648.6,BUY,Short,06-02-2024 21:00,1707253200000,1776.5,592.06,15.55,409a883424f04a78b7387e7edf4cd180,607018,5042265
0x5e7497cff25d,ETH,58556.41,8.82,516467.54,SELL,Short,07-02-2024 00:00,1707264000000,6672.55,-233.86,3.79,3e9ebff81024430ea7c602d10a0461a5,498640,1853168
0x070c8912acb0,XRP,50860.37,7.67,390099.04,SELL,Long,07-02-2024 03:00,1707274800000,2551.7,-448.73,5.62,24ae20b6c829407e9320e64aab97e04c,155254,9535379
0x65908bd85f9b,SOL,56414.8,7.38,416341.22,SELL,Short,07-02-2024 06:00,1707285600000,7192.52,-273.58,1.52,5e726b0a67e84300bd9debb7efacfe0f,251599,1094464
0xb95d8ae81267,XRP,68422.64,4.45,304480.75,SELL,Long,07-02-2024 09:00,1707296400000,4404.66,-199.88,16.96,f2de5e2b0c8e49289f6471aa03c06a15,487741,8739476
